Date,NetPnL,TradesOpened
2019-01-03,1240.07,15
2019-01-04,-497.34,13
2019-01-07,-377.35,10
2019-01-08,-1145.54,7
2019-01-09,-3117.46,11
2019-01-10,-411.67,14
2019-01-11,-1324.19,11
2019-01-14,-2147.19,9
2019-01-15,1001.15,9
2019-01-16,-641.93,6
2019-01-17,-2561.18,16
2019-01-18,295.47,10
2019-01-21,-3219.90,10
2019-01-22,-1879.33,8
2019-01-23,1902.87,13
2019-01-24,4141.55,12
2019-01-25,622.16,14
2019-01-28,3643.22,13
2019-01-29,-2612.35,15
2019-01-30,772.40,10
2019-01-31,1562.22,7
2019-02-01,3743.26,15
2019-02-04,-4648.64,16
2019-02-05,-885.60,13
2019-02-06,-4110.00,17
2019-02-07,948.80,9
2019-02-08,-997.49,10
2019-02-11,-1226.47,5
2019-02-12,-1646.54,15
2019-02-13,2068.36,9
2019-02-14,-686.17,17
2019-02-15,112.06,10
2019-02-18,-992.60,7
2019-02-19,1674.29,11
2019-02-20,-978.76,9
2019-02-21,-1351.97,7
2019-02-22,-1900.08,16
2019-02-25,1486.84,10
2019-02-26,3085.08,10
2019-02-27,2759.19,9
2019-02-28,-2317.01,13
2019-03-01,375.61,12
2019-03-04,1076.59,12
2019-03-05,-3269.67,15
2019-03-06,-166.67,9
2019-03-07,-1318.84,14
2019-03-08,1621.12,6
2019-03-11,-3097.44,18
2019-03-12,-2734.68,15
2019-03-13,-206.02,15
2019-03-14,-4176.12,12
2019-03-15,-5004.34,13
2019-03-18,1340.73,11
2019-03-19,-947.94,8
2019-03-20,1786.70,17
2019-03-21,5147.20,19
2019-03-22,-1678.28,20
2019-03-25,1444.27,13
2019-03-26,2475.10,12
2019-03-27,-1913.07,15
2019-03-28,1003.77,13
2019-03-29,-1772.02,8
2019-04-01,-311.75,5
2019-04-02,-992.57,8
2019-04-03,-1081.84,13
2019-04-04,1653.36,5
2019-04-05,3247.89,6
2019-04-08,463.44,5
2019-04-09,-2098.22,13
2019-04-10,-2051.38,3
2019-04-11,728.20,5
2019-04-12,975.03,5
2019-04-15,3226.81,11
2019-04-16,986.89,7
2019-04-17,2842.98,13
2019-04-18,2830.23,7
2019-04-19,-520.95,5
2019-04-22,-361.55,2
2019-04-23,2310.62,6
2019-04-24,-2979.77,10
2019-04-25,-428.99,8
2019-04-26,-208.21,7
2019-04-29,-383.75,13
2019-04-30,1130.89,9
2019-05-01,-2395.10,20
2019-05-02,-1635.31,12
2019-05-03,-2045.43,5
2019-05-06,1125.05,7
2019-05-07,3661.31,9
2019-05-08,1885.33,11
2019-05-09,-3644.97,15
2019-05-10,1841.33,8
2019-05-13,4761.18,8
2019-05-14,-1246.92,12
2019-05-15,618.33,15
2019-05-16,-245.62,15
2019-05-17,27.11,3
2019-05-20,-1536.51,13
2019-05-21,-5017.45,12
2019-05-22,1441.87,16
2019-05-24,458.78,7
2019-05-27,66.04,6
2019-05-28,-2556.62,13
2019-05-29,-4926.37,13
2019-05-30,595.73,5
2019-05-31,-1359.48,13
2019-06-03,-1618.23,11
2019-06-04,-1024.16,12
2019-06-05,-1897.57,13
2019-06-06,-580.60,8
2019-06-07,-90.61,6
2019-06-10,-913.12,11
2019-06-11,2682.66,15
2019-06-12,-2110.19,13
2019-06-13,-1398.54,6
2019-06-14,1231.80,8
2019-06-17,-1994.33,10
2019-06-18,-1815.46,9
2019-06-19,798.81,7
2019-06-20,221.38,17
2019-06-21,54.15,16
2019-06-24,-1736.60,9
2019-06-25,276.47,7
2019-06-26,-267.35,5
2019-06-27,-916.42,10
2019-06-28,-1554.66,10
2019-07-01,-897.28,9
2019-07-02,-18.68,14
2019-07-03,-1091.41,6
2019-07-04,-1163.62,7
2019-07-05,2887.00,10
2019-07-08,-1015.35,9
2019-07-09,-672.89,13
2019-07-10,-955.31,13
2019-07-11,2138.03,9
2019-07-12,3011.03,12
2019-07-15,1986.67,13
2019-07-16,1729.24,7
2019-07-17,196.96,7
2019-07-18,1704.31,10
2019-07-19,-602.77,9
2019-07-22,266.02,16
2019-07-23,-1772.09,10
2019-07-24,132.00,10
2019-07-25,-220.81,11
2019-07-26,299.72,7
2019-07-29,4124.82,8
2019-07-30,1154.90,12
2019-07-31,-984.82,7
2019-08-01,3093.03,15
2019-08-02,16.69,16
2019-08-05,-813.30,13
2019-08-06,-1461.82,16
2019-08-07,-1252.83,11
2019-08-08,-322.17,8
2019-08-09,395.97,6
2019-08-12,-685.74,19
2019-08-13,847.84,9
2019-08-14,-209.85,3
2019-08-15,1519.15,4
2019-08-16,883.01,15
2019-08-19,-441.80,16
2019-08-20,102.29,20
2019-08-21,-47.78,6
2019-08-22,3570.70,14
2019-08-23,1455.17,8
2019-08-26,1792.14,11
2019-08-27,5808.42,13
2019-08-28,-800.58,14
2019-08-29,-542.59,15
2019-08-30,-2986.30,10
2019-09-02,1854.31,9
2019-09-03,-981.54,11
2019-09-04,2604.37,8
2019-09-05,2432.33,11
2019-09-06,247.27,9
2019-09-09,-993.12,16
2019-09-10,-4183.80,17
2019-09-11,1288.00,9
2019-09-12,5470.98,15
2019-09-13,1607.07,9
2019-09-16,-1754.84,10
2019-09-17,-1407.86,11
2019-09-18,-1456.78,17
2019-09-19,93.60,11
2019-09-20,4518.86,9
2019-09-23,-2743.34,19
2019-09-24,-3147.23,9
2019-09-25,3656.37,15
2019-09-26,-1249.29,10
2019-09-27,-935.43,11
2019-09-30,82.67,4
2019-10-01,-959.04,16
2019-10-02,1190.00,17
2019-10-03,2434.17,8
2019-10-04,1082.62,7
2019-10-07,-2496.05,17
2019-10-08,3987.31,10
2019-10-09,-3842.97,16
2019-10-10,-889.29,13
2019-10-11,-1034.95,11
2019-10-14,345.99,4
2019-10-15,233.94,7
2019-10-16,-2026.64,5
2019-10-17,1912.07,7
2019-10-18,-165.98,14
2019-10-21,-579.30,14
2019-10-22,5679.97,19
2019-10-23,-929.55,8
2019-10-24,-2297.81,16
2019-10-25,2269.01,15
2019-10-28,-1899.75,10
2019-10-29,-3827.98,17
2019-10-30,-2493.89,13
2019-10-31,3611.58,13
2019-11-01,-3032.07,7
2019-11-04,-1520.80,18
2019-11-05,-421.79,18
2019-11-06,203.67,10
2019-11-07,-967.07,15
2019-11-08,-1809.14,12
2019-11-11,2268.56,11
2019-11-12,-1118.45,10
2019-11-13,-685.94,11
2019-11-14,-2760.37,16
2019-11-15,-4260.87,14
2019-11-18,-1038.55,13
2019-11-19,-18.89,13
2019-11-20,-2189.23,18
2019-11-21,865.66,12
2019-11-22,1519.03,12
2019-11-25,-1313.86,5
2019-11-26,-339.49,11
2019-11-27,-2176.11,10
2019-11-28,-501.22,8
2019-11-29,151.40,12
2019-12-02,-430.21,12
2019-12-03,3292.69,12
2019-12-04,-5545.48,18
2019-12-05,-762.55,18
2019-12-06,-561.73,7
2019-12-09,1669.16,10
2019-12-10,-1158.13,10
2019-12-11,-196.29,11
2019-12-12,-1964.15,8
2019-12-13,2365.57,14
2019-12-16,-388.50,11
2019-12-17,2515.06,11
2019-12-18,-2206.42,10
2019-12-19,-4575.80,10
2019-12-20,-1232.71,13
2019-12-23,-1403.21,15
2019-12-24,-2921.47,18
2019-12-25,-36.33,3
2019-12-26,-489.67,6
2019-12-27,1042.26,4
2019-12-30,-3431.81,10
2019-12-31,5293.66,13
2020-01-02,-3797.68,12
2020-01-03,734.15,17
2020-01-06,825.01,11
2020-01-07,-2349.48,15
2020-01-08,-3211.46,13
2020-01-09,1934.98,6
2020-01-10,-725.55,15
2020-01-13,-1233.06,12
2020-01-14,-3389.59,18
2020-01-15,46.18,9
2020-01-16,714.60,9
2020-01-17,-2382.30,10
2020-01-20,-3347.09,14
2020-01-21,-791.13,9
2020-01-22,-466.37,7
2020-01-23,-1012.56,13
2020-01-24,-560.00,14
2020-01-27,-256.36,15
2020-01-28,819.66,14
2020-01-29,2154.08,13
2020-01-30,-1126.20,16
2020-01-31,-1671.80,12
2020-02-03,-557.07,15
2020-02-04,-508.70,11
2020-02-05,-1422.65,15
2020-02-06,-280.04,9
2020-02-07,1192.28,15
2020-02-10,-261.29,12
2020-02-11,-3071.67,12
2020-02-12,-11.91,12
2020-02-13,464.74,18
2020-02-14,-1070.99,13
2020-02-17,582.84,10
2020-02-18,-30.87,15
2020-02-19,2080.34,17
2020-02-20,1605.88,13
2020-02-21,-1460.38,18
2020-02-24,114.12,11
2020-02-25,109.53,8
2020-02-26,838.22,10
2020-02-27,2202.54,10
2020-02-28,-2694.57,12
2020-03-02,1211.91,16
2020-03-03,-1773.10,13
2020-03-04,-3974.80,17
2020-03-05,-682.37,8
2020-03-06,766.04,9
2020-03-09,-2923.02,14
2020-03-10,-808.57,13
2020-03-11,-2036.39,14
2020-03-12,-2015.00,11
2020-03-13,-644.77,12
2020-03-16,655.10,14
2020-03-17,3996.38,13
2020-03-18,4242.88,18
2020-03-19,1307.30,9
2020-03-20,-4065.67,20
2020-03-23,-1976.17,9
2020-03-24,1092.83,7
2020-03-25,-2500.49,13
2020-03-26,1992.54,9
2020-03-27,740.18,17
2020-03-30,143.79,8
2020-03-31,2094.70,11
2020-04-01,1455.71,9
2020-04-02,2187.40,6
2020-04-03,3854.36,19
2020-04-06,946.99,17
2020-04-07,3393.43,15
2020-04-09,5984.23,17
2020-04-10,-91.71,4
2020-04-13,-98.18,4
2020-04-14,149.62,10
2020-04-15,10029.52,17
2020-04-16,389.10,3
2020-04-17,-4994.18,17
2020-04-20,-1863.48,16
2020-04-21,438.76,10
2020-04-22,1844.93,12
2020-04-23,-295.83,12
2020-04-24,563.90,7
2020-04-27,-406.40,2
2020-04-28,852.53,12
2020-04-29,-1982.73,14
2020-04-30,-286.27,11
2020-05-01,2145.22,7
2020-05-04,-216.71,6
2020-05-05,-1122.55,10
2020-05-06,574.46,9
2020-05-07,605.10,5
2020-05-08,-1888.77,9
2020-05-11,2076.90,8
2020-05-12,386.13,9
2020-05-13,-3253.56,15
2020-05-14,916.72,3
2020-05-15,-1979.04,10
2020-05-18,2612.81,12
2020-05-19,-106.45,1
2020-05-20,-2797.06,11
2020-05-21,1848.10,12
2020-05-22,-1431.55,19
2020-05-25,-463.99,8
2020-05-26,3472.04,11
2020-05-27,-992.04,13
2020-05-28,-1031.95,9
2020-05-29,-1615.65,10
2020-06-01,-575.77,12
2020-06-02,1515.15,8
2020-06-03,8.57,16
2020-06-04,-1904.10,10
2020-06-05,536.62,12
2020-06-08,896.15,18
2020-06-09,-527.33,16
2020-06-10,-443.70,6
2020-06-11,-1246.90,16
2020-06-12,-1539.67,19
2020-06-15,1047.50,8
2020-06-16,-2427.84,11
2020-06-17,752.38,10
2020-06-18,2483.31,16
2020-06-19,1414.97,3
2020-06-22,-3810.90,16
2020-06-23,2215.79,18
2020-06-24,-429.95,17
2020-06-25,706.96,11
2020-06-26,-549.38,14
2020-06-29,39.02,4
2020-07-01,-3899.84,10
2020-07-02,-1693.81,15
2020-07-03,54.32,5
2020-07-06,226.34,9
2020-07-07,685.96,17
2020-07-08,297.16,12
2020-07-09,-374.97,13
2020-07-10,992.90,9
2020-07-13,-65.28,13
2020-07-14,-616.96,12
2020-07-15,-1062.98,15
2020-07-16,-238.12,7
2020-07-17,-86.02,9
2020-07-20,1571.89,7
2020-07-21,2054.85,2
2020-07-22,-6445.99,20
2020-07-23,1028.21,8
2020-07-24,-887.37,8
2020-07-27,-1195.81,9
2020-07-28,-1577.13,11
2020-07-29,-2267.82,19
2020-07-30,734.24,11
2020-07-31,4053.74,9
2020-08-03,-726.32,5
2020-08-04,-1052.05,11
2020-08-05,1336.44,11
2020-08-06,-1731.66,14
2020-08-07,213.41,12
2020-08-10,-2301.25,10
2020-08-11,1476.59,5
2020-08-12,1253.56,11
2020-08-13,3121.79,9
2020-08-14,1969.23,12
2020-08-17,89.85,7
2020-08-18,3389.46,9
2020-08-19,-204.43,16
2020-08-20,1059.71,12
2020-08-21,72.62,11
2020-08-24,2225.72,14
2020-08-25,1001.58,14
2020-08-26,-2049.12,12
2020-08-27,-2181.47,14
2020-08-28,1199.52,14
2020-08-31,813.38,15
2020-09-01,83.82,11
2020-09-02,-269.25,15
2020-09-03,-3431.21,11
2020-09-04,-6301.83,19
2020-09-06,284.01,1
2020-09-07,452.54,7
2020-09-08,3540.22,5
2020-09-09,930.65,2
2020-09-10,-1443.31,13
2020-09-11,-4642.65,18
2020-09-13,-530.21,2
2020-09-14,2354.35,15
2020-09-15,-3016.85,11
2020-09-16,-7.42,11
2020-09-17,2597.70,14
2020-09-18,1739.51,11
2020-09-19,-599.18,1
2020-09-20,274.21,1
2020-09-21,3069.99,13
2020-09-22,-3811.90,13
2020-09-23,-1208.23,10
2020-09-24,143.25,11
2020-09-25,-3666.44,11
2020-09-28,37.49,11
2020-09-29,-1022.39,9
2020-09-30,-1523.41,8
2020-10-01,-4112.75,20
2020-10-02,188.36,5
2020-10-05,627.48,5
2020-10-06,-329.61,8
2020-10-07,33.34,13
2020-10-08,-1751.88,12
2020-10-09,1826.81,12
2020-10-10,353.31,1
2020-10-12,-2568.67,14
2020-10-13,-5496.70,14
2020-10-14,800.57,11
2020-10-15,635.48,14
2020-10-16,-3573.53,16
2020-10-19,576.90,13
2020-10-20,-930.76,5
2020-10-21,1526.92,13
2020-10-22,-1374.37,11
2020-10-23,-243.66,22
2020-10-24,166.58,1
2020-10-26,-2166.62,14
2020-10-27,-2411.21,17
2020-10-28,1109.18,6
2020-10-29,8044.62,21
2020-10-30,1499.46,6
2020-11-02,-2311.01,13
2020-11-03,2835.75,12
2020-11-04,-5130.38,16
2020-11-05,8422.62,17
2020-11-06,2041.57,16
2020-11-07,-458.67,1
2020-11-08,-464.22,2
2020-11-09,-2506.39,9
2020-11-10,307.33,9
2020-11-11,2533.31,21
2020-11-12,1180.89,9
2020-11-13,-1145.60,15
2020-11-15,21.73,1
2020-11-16,-3464.10,15
2020-11-17,-2452.19,15
2020-11-18,-2071.83,14
2020-11-19,-1683.13,12
2020-11-20,-686.55,16
2020-11-21,-347.96,2
2020-11-22,2358.65,2
2020-11-23,1052.58,17
2020-11-24,-4312.24,13
2020-11-25,-1014.46,14
2020-11-26,1598.31,19
2020-11-27,-1257.79,13
2020-11-28,-137.42,1
2020-11-29,107.13,1
2020-11-30,-2730.13,17
2020-12-01,-734.00,20
2020-12-02,-203.57,22
2020-12-03,162.04,20
2020-12-04,-3504.48,13
2020-12-05,178.91,2
2020-12-06,-619.23,3
2020-12-07,-1694.95,18
2020-12-08,-34.58,9
2020-12-09,-2169.87,13
2020-12-10,691.02,10
2020-12-11,3134.57,17
2020-12-13,588.47,2
2020-12-14,2560.79,23
2020-12-15,-1332.63,12
2020-12-16,-446.97,17
2020-12-17,5408.25,21
2020-12-18,-1148.43,7
2020-12-20,-473.52,4
2020-12-21,3478.07,23
2020-12-22,-3310.55,10
2020-12-23,-1552.53,16
2020-12-24,205.28,12
2020-12-25,240.70,1
2020-12-26,165.01,1
2020-12-27,-129.30,3
2020-12-28,363.53,11
2020-12-29,-1018.83,13
2020-12-30,-1247.51,10
2020-12-31,1459.13,20
2021-01-02,2232.69,2
2021-01-03,-159.15,2
2021-01-04,484.79,18
2021-01-05,-1154.20,14
2021-01-06,-909.91,17
2021-01-07,1421.13,8
2021-01-08,1724.62,24
2021-01-09,335.69,3
2021-01-10,-1020.53,2
2021-01-11,-343.25,9
2021-01-12,1327.91,9
2021-01-13,2400.13,16
2021-01-14,-1449.98,14
2021-01-15,2665.96,14
2021-01-16,137.68,2
2021-01-17,-923.38,4
2021-01-18,1666.74,16
2021-01-19,-316.27,11
2021-01-20,-2588.22,12
2021-01-21,-109.28,19
2021-01-22,-548.08,12
2021-01-23,-562.67,1
2021-01-25,1234.29,4
2021-01-26,-1718.15,19
2021-01-27,1824.11,12
2021-01-28,18.21,15
2021-01-29,2341.40,12
2021-01-30,-40.13,1
2021-01-31,-330.95,1
2021-02-01,1316.20,15
2021-02-02,-209.61,17
2021-02-03,-1210.64,10
2021-02-04,-3795.33,13
2021-02-05,-365.41,15
2021-02-06,-196.57,1
2021-02-07,-806.21,4
2021-02-08,684.19,14
2021-02-09,-71.37,12
2021-02-10,-4919.30,18
2021-02-11,2328.81,13
2021-02-12,-802.90,13
2021-02-13,592.89,2
2021-02-15,3796.09,12
2021-02-16,-222.30,10
2021-02-17,-145.93,20
2021-02-18,2117.55,12
2021-02-19,2257.38,10
2021-02-20,-1848.34,4
2021-02-21,-1139.16,2
2021-02-22,-2561.24,21
2021-02-23,-200.48,14
2021-02-24,705.86,10
2021-02-25,497.45,16
2021-02-26,-2914.73,10
2021-02-27,-335.14,3
2021-03-01,526.06,8
2021-03-02,-3114.82,15
2021-03-03,520.36,19
2021-03-04,-273.96,9
2021-03-05,248.99,13
2021-03-06,-481.09,1
2021-03-07,282.29,3
2021-03-08,2018.25,17
2021-03-09,1406.55,22
2021-03-10,-299.71,21
2021-03-11,-1857.51,21
2021-03-12,737.28,16
2021-03-13,3394.54,3
2021-03-14,138.53,1
2021-03-15,1797.82,14
2021-03-16,-5825.40,22
2021-03-17,550.59,11
2021-03-18,3006.66,21
2021-03-19,-3912.43,17
2021-03-22,-1009.09,8
2021-03-23,671.66,4
2021-03-24,-1574.31,17
2021-03-25,873.41,13
2021-03-26,1400.68,12
2021-03-29,932.68,17
2021-03-30,4468.83,14
2021-03-31,-976.46,19
2021-04-01,1353.20,16
2021-04-02,-1680.67,13
2021-04-03,-37.75,1
2021-04-05,138.57,11
2021-04-06,-734.99,13
2021-04-07,-562.11,7
2021-04-08,874.32,13
2021-04-09,2592.49,8
2021-04-11,123.07,1
2021-04-12,51.78,10
2021-04-13,982.59,14
2021-04-14,-1597.43,10
2021-04-15,-744.04,14
2021-04-16,-80.48,4
2021-04-17,42.91,2
2021-04-18,306.76,1
2021-04-19,-3136.46,24
2021-04-20,-146.88,5
2021-04-21,-2411.63,12
2021-04-22,-619.92,4
2021-04-23,-542.24,14
2021-04-24,526.74,4
2021-04-25,773.63,2
2021-04-26,-583.72,5
2021-04-27,-2170.86,15
2021-04-28,-1245.25,4
2021-04-29,-466.20,11
2021-04-30,3165.88,11
2021-05-01,-492.20,3
2021-05-02,-954.16,4
2021-05-03,-47.67,14
2021-05-04,460.46,18
2021-05-05,-189.69,7
2021-05-06,3003.58,7
2021-05-07,-2948.66,11
2021-05-08,441.47,2
2021-05-10,2633.68,14
2021-05-11,-1994.19,14
2021-05-12,-752.96,6
2021-05-13,-761.89,11
2021-05-14,261.95,12
2021-05-15,-155.32,3
2021-05-17,64.67,5
2021-05-18,358.05,11
2021-05-19,-868.52,17
2021-05-20,-1286.83,15
2021-05-21,-704.30,9
2021-05-22,651.68,2
2021-05-23,1932.47,3
2021-05-24,-192.49,15
2021-05-25,71.40,6
2021-05-26,1468.14,7
2021-05-27,1640.93,12
2021-05-28,-1458.12,7
2021-05-29,380.47,1
2021-05-30,-478.07,2
2021-05-31,2142.49,14
2021-06-01,239.22,14
2021-06-02,-434.74,14
2021-06-03,1321.89,11
2021-06-04,660.42,7
2021-06-05,-503.95,1
2021-06-06,-308.23,1
2021-06-07,1907.22,7
2021-06-08,-682.79,13
2021-06-09,-771.76,8
2021-06-10,-1900.91,14
2021-06-11,461.83,4
2021-06-12,2209.55,2
2021-06-13,88.78,1
2021-06-14,668.78,13
2021-06-15,-672.88,11
2021-06-16,84.33,5
2021-06-17,5618.99,18
2021-06-18,-2257.98,7
2021-06-19,-119.27,1
2021-06-20,1197.15,2
2021-06-21,748.34,6
2021-06-22,-167.46,15
2021-06-23,327.91,14
2021-06-24,402.38,6
2021-06-25,3624.10,11
2021-06-26,-1866.75,4
2021-06-28,-2883.39,15
2021-06-29,3918.12,15
2021-06-30,-2091.13,16
2021-07-01,438.04,10
2021-07-02,-1475.70,18
2021-07-03,350.26,1
2021-07-04,-913.26,4
2021-07-05,-216.01,12
2021-07-06,-757.16,11
2021-07-07,-670.94,9
2021-07-08,2611.04,17
2021-07-09,942.51,7
2021-07-12,-135.92,14
2021-07-13,-2451.42,6
2021-07-14,-2153.18,12
2021-07-15,-1056.59,10
2021-07-16,-1621.34,21
2021-07-17,-605.39,2
2021-07-19,3166.92,17
2021-07-20,-3116.76,11
2021-07-21,-103.47,12
2021-07-22,-689.34,12
2021-07-23,-1842.48,14
2021-07-24,-555.66,1
2021-07-25,-848.30,3
2021-07-26,-620.95,7
2021-07-27,-3265.53,22
2021-07-28,697.90,14
2021-07-29,386.55,14
2021-07-30,-2714.97,19
2021-07-31,73.50,1
2021-08-01,59.65,1
2021-08-02,-29.81,8
2021-08-03,-267.71,14
2021-08-04,-4439.33,17
2021-08-05,-1007.53,20
2021-08-06,-807.05,7
2021-08-09,-137.55,12
2021-08-10,895.14,15
2021-08-11,-3591.09,13
2021-08-12,-2554.54,11
2021-08-13,756.43,9
2021-08-15,410.25,4
2021-08-16,434.51,10
2021-08-17,-1333.72,7
2021-08-18,116.80,14
2021-08-19,206.61,17
2021-08-20,-252.10,10
2021-08-23,-598.29,8
2021-08-24,1022.38,11
2021-08-25,-787.91,9
2021-08-26,-890.43,10
2021-08-27,1003.06,14
2021-08-29,-76.92,4
2021-08-30,-393.01,9
2021-08-31,1478.42,10
2021-09-01,-1173.61,17
2021-09-02,380.96,8
2021-09-03,114.17,7
2021-09-04,33.65,1
2021-09-05,334.28,2
2021-09-06,-1290.08,10
2021-09-07,1758.77,11
2021-09-08,-3672.64,17
2021-09-09,2087.16,17
2021-09-10,729.29,20
2021-09-12,88.27,2
2021-09-13,874.19,7
2021-09-14,1255.75,16
2021-09-15,509.29,9
2021-09-16,1287.65,8
2021-09-17,-72.60,19
2021-09-19,-2184.11,4
2021-09-20,6913.48,16
2021-09-21,-2190.39,16
2021-09-22,747.52,17
2021-09-23,708.91,17
2021-09-24,1119.68,11
2021-09-25,-358.66,2
2021-09-26,-1482.99,2
2021-09-27,-930.78,21
2021-09-28,730.35,4
2021-09-29,1841.68,16
2021-09-30,-919.57,10
2021-10-01,4590.50,6
2021-10-03,-172.22,3
2021-10-04,-250.93,12
2021-10-05,1130.07,12
2021-10-06,-5396.28,20
2021-10-07,-2590.43,7
2021-10-08,-3054.17,16
2021-10-11,-509.54,13
2021-10-12,1295.05,8
2021-10-13,-4128.03,25
2021-10-14,859.86,12
2021-10-15,2611.50,13
2021-10-16,322.74,2
2021-10-17,-855.76,2
2021-10-18,4429.88,15
2021-10-19,1477.23,7
2021-10-20,508.47,13
2021-10-21,-1803.66,8
2021-10-22,-1643.90,17
2021-10-24,694.71,2
2021-10-25,-1677.42,10
2021-10-26,467.32,18
2021-10-27,-174.57,15
2021-10-28,-748.20,10
2021-10-29,559.60,9
2021-10-30,8.07,1
2021-10-31,1550.63,2
2021-11-01,-2068.46,16
2021-11-02,-1180.52,9
2021-11-03,-2860.99,17
2021-11-04,-8.40,13
2021-11-05,-247.78,12
2021-11-06,766.98,2
2021-11-07,-371.71,2
2021-11-08,-10.42,6
2021-11-09,1048.77,9
2021-11-10,-1374.42,12
2021-11-11,266.84,22
2021-11-12,320.91,18
2021-11-13,-280.15,1
2021-11-14,-526.91,3
2021-11-15,468.17,17
2021-11-16,-1544.30,12
2021-11-17,-319.72,10
2021-11-18,376.69,14
2021-11-19,-746.30,12
2021-11-22,-1317.82,14
2021-11-23,-2321.21,19
2021-11-24,825.83,12
2021-11-25,2843.17,13
2021-11-26,58.70,11
2021-11-27,-345.18,2
2021-11-29,-1320.53,6
2021-11-30,-689.41,7
2021-12-01,-1222.49,17
2021-12-02,-2334.39,16
2021-12-03,471.38,14
2021-12-06,702.48,9
2021-12-07,1158.20,7
2021-12-08,488.24,13
2021-12-09,1291.36,11
2021-12-10,-1468.35,11
2021-12-12,205.95,2
2021-12-13,686.05,7
2021-12-14,377.56,14
2021-12-15,-163.10,14
2021-12-16,2128.44,18
2021-12-17,1110.19,16
2021-12-19,101.12,1
2021-12-20,47.02,16
2021-12-21,474.98,8
2021-12-22,451.42,10
2021-12-23,314.96,18
2021-12-24,-320.28,7
2021-12-26,194.29,1
2021-12-27,-1243.48,17
2021-12-28,-1392.52,12
2021-12-29,836.67,12
2021-12-30,-711.90,13
2021-12-31,-3096.08,15
2022-01-02,285.52,1
2022-01-03,-962.39,11
2022-01-04,2610.40,13
2022-01-05,-1673.25,11
2022-01-06,-2557.71,17
2022-01-07,-92.82,14
2022-01-09,148.60,2
2022-01-10,2264.19,13
2022-01-11,-560.58,12
2022-01-12,-2067.50,13
2022-01-13,-314.61,20
2022-01-14,1329.44,13
2022-01-16,-96.24,1
2022-01-17,-1560.65,15
2022-01-18,-1251.02,10
2022-01-19,-3619.20,16
2022-01-20,-489.99,7
2022-01-21,-140.86,9
2022-01-23,387.67,4
2022-01-24,3572.79,10
2022-01-25,435.59,8
2022-01-26,-866.96,15
2022-01-27,1719.22,13
2022-01-28,2135.73,17
2022-01-29,645.35,3
2022-01-30,318.79,1
2022-01-31,-0.71,19
2022-02-01,-291.61,20
2022-02-02,2025.50,9
2022-02-03,-311.50,14
2022-02-04,-600.93,12
2022-02-05,18.37,1
2022-02-06,317.78,2
2022-02-07,768.53,21
2022-02-08,-288.36,15
2022-02-09,969.84,11
2022-02-10,413.16,19
2022-02-11,2681.41,12
2022-02-13,774.15,3
2022-02-14,-587.45,17
2022-02-15,2406.81,18
2022-02-16,-2133.82,23
2022-02-17,-869.14,7
2022-02-18,-2284.73,20
2022-02-19,1162.32,2
2022-02-20,-516.25,2
2022-02-21,3050.72,13
2022-02-22,1253.73,14
2022-02-23,-461.81,19
2022-02-24,1508.00,11
2022-02-25,-693.10,11
2022-02-26,-102.22,2
2022-02-27,4672.55,4
2022-02-28,598.65,18
2022-03-01,-1226.48,17
2022-03-02,-1764.27,13
2022-03-03,898.92,13
2022-03-04,1832.51,11
2022-03-05,624.39,3
2022-03-06,308.09,2
2022-03-07,-874.61,12
2022-03-08,579.53,15
2022-03-09,1556.63,12
2022-03-10,-1896.98,15
2022-03-11,-667.44,13
2022-03-14,-117.59,9
2022-03-15,-1602.08,20
2022-03-16,1534.44,11
2022-03-17,-110.42,15
2022-03-18,226.99,4
2022-03-19,-670.53,2
2022-03-21,795.67,18
2022-03-22,1090.57,7
2022-03-23,2401.96,11
2022-03-24,1007.08,10
2022-03-25,-1949.98,16
2022-03-26,-60.77,1
2022-03-28,-84.57,11
2022-03-29,551.96,11
2022-03-30,-1497.07,11
2022-03-31,844.33,10
2022-04-01,4473.87,11
2022-04-02,532.47,2
2022-04-04,1334.47,13
2022-04-05,1285.75,14
2022-04-06,697.11,11
2022-04-07,-350.25,11
2022-04-08,-1965.77,14
2022-04-11,969.72,11
2022-04-12,-2016.94,9
2022-04-13,1215.96,6
2022-04-14,1315.88,7
2022-04-15,-46.96,6
2022-04-18,-1480.90,14
2022-04-19,-3368.30,16
2022-04-20,607.08,11
2022-04-21,2233.46,18
2022-04-22,982.81,16
2022-04-25,-2463.86,8
2022-04-26,779.42,12
2022-04-27,-715.56,16
2022-04-28,-5001.37,22
2022-04-29,-2536.45,15
2022-05-01,154.63,1
2022-05-02,3652.84,14
2022-05-03,-1832.20,8
2022-05-04,-63.84,17
2022-05-05,-643.30,13
2022-05-06,664.28,10
2022-05-07,195.98,2
2022-05-09,851.68,5
2022-05-10,-21.70,15
2022-05-11,-4589.98,19
2022-05-12,762.72,9
2022-05-13,-2190.36,11
2022-05-16,-1282.82,14
2022-05-17,2177.48,12
2022-05-18,-1839.83,15
2022-05-19,1175.83,8
2022-05-20,-1091.64,13
2022-05-21,138.96,4
2022-05-23,242.50,4
2022-05-24,268.50,18
2022-05-25,149.94,11
2022-05-26,-1056.67,20
2022-05-27,-705.02,12
2022-05-30,1044.44,12
2022-05-31,-507.74,8
2022-06-01,2017.41,9
2022-06-02,1146.11,12
2022-06-03,842.52,6
2022-06-04,35.36,1
2022-06-05,-120.21,4
2022-06-06,-611.27,24
2022-06-07,-44.58,6
2022-06-08,376.18,11
2022-06-09,-3702.97,14
2022-06-10,2411.96,10
2022-06-11,2046.24,2
2022-06-12,-47.45,4
2022-06-13,4180.68,20
2022-06-14,524.02,13
2022-06-15,-1055.70,9
2022-06-16,1406.06,13
2022-06-17,-699.22,13
2022-06-18,21.49,2
2022-06-20,215.66,16
2022-06-21,6.76,20
2022-06-22,-1800.49,10
2022-06-23,-1682.30,16
2022-06-24,457.71,12
2022-06-25,-1581.81,3
2022-06-27,-3676.07,21
2022-06-28,152.16,6
2022-06-29,682.10,5
2022-06-30,1002.94,8
2022-07-01,2669.57,20
2022-07-02,-554.83,4
2022-07-03,117.09,1
2022-07-04,1263.96,10
2022-07-05,2977.31,17
2022-07-06,736.92,11
2022-07-07,817.57,12
2022-07-08,-1722.91,19
2022-07-09,-32.42,4
2022-07-11,374.10,13
2022-07-12,113.30,11
2022-07-13,-950.25,12
2022-07-14,-817.34,13
2022-07-15,1644.67,6
2022-07-18,1695.10,22
2022-07-19,453.90,17
2022-07-20,-940.82,10
2022-07-21,-4167.37,18
2022-07-22,-505.27,10
2022-07-23,600.67,1
2022-07-25,1963.07,11
2022-07-26,-674.46,7
2022-07-27,1818.61,6
2022-07-28,-776.92,12
2022-07-29,300.23,6
2022-07-30,2733.01,2
2022-07-31,-145.80,1
2022-08-01,-251.66,12
2022-08-02,-770.02,14
2022-08-03,-1271.34,10
2022-08-04,-1403.75,14
2022-08-05,-431.58,8
2022-08-06,69.08,1
2022-08-07,737.56,2
2022-08-08,3744.35,13
2022-08-09,-808.17,14
2022-08-10,6209.45,14
2022-08-11,1687.69,18
2022-08-12,-1548.35,12
2022-08-13,362.15,1
2022-08-14,-1422.66,4
2022-08-15,2660.23,14
2022-08-16,4379.46,14
2022-08-17,5370.76,15
2022-08-18,-131.24,6
2022-08-19,-491.90,5
2022-08-22,1052.65,19
2022-08-23,-1771.47,11
2022-08-24,-2682.29,11
2022-08-25,-949.52,12
2022-08-26,2279.77,6
2022-08-27,170.18,2
2022-08-28,-619.42,1
2022-08-29,-165.79,3
2022-08-30,-2339.78,15
2022-08-31,1417.78,20
2022-09-01,-1239.32,15
2022-09-02,4257.86,10
2022-09-03,-218.31,2
2022-09-04,-813.46,1
2022-09-05,-456.53,10
2022-09-06,1007.57,14
2022-09-07,-1860.63,12
2022-09-08,-806.03,12
2022-09-09,-5024.21,20
2022-09-10,-449.83,4
2022-09-11,258.82,1
2022-09-12,1279.25,20
2022-09-13,-2733.23,11
2022-09-14,1230.47,6
2022-09-15,-338.33,16
2022-09-16,-619.56,22
2022-09-19,877.42,19
2022-09-20,613.23,10
2022-09-21,-211.06,1
2022-09-22,1954.37,23
2022-09-23,2557.68,17
2022-09-24,20.55,1
2022-09-25,-303.67,4
2022-09-26,-134.09,16
2022-09-27,-17.72,5
2022-09-28,612.55,4
2022-09-29,-1999.48,9
2022-09-30,-6650.38,17
2022-10-04,1952.02,10
2022-10-05,2882.31,15
2022-10-06,1861.85,14
2022-10-07,-1010.08,6
2022-10-10,-1140.02,18
2022-10-11,2014.86,7
2022-10-12,-384.38,9
2022-10-13,-3529.27,15
2022-10-14,-578.09,15
2022-10-15,83.17,1
2022-10-16,-46.09,1
2022-10-17,3007.39,7
2022-10-18,-2329.24,15
2022-10-19,641.92,7
2022-10-20,143.03,7
2022-10-21,2143.94,19
2022-10-23,423.21,1
2022-10-24,574.40,14
2022-10-25,-277.79,12
2022-10-26,-4078.05,24
2022-10-27,-361.39,8
2022-10-28,2407.78,23
2022-10-29,207.75,2
2022-10-31,2493.35,15
2022-11-01,1928.06,9
2022-11-02,983.40,12
2022-11-03,3988.03,21
2022-11-04,-374.22,11
2022-11-06,-620.03,2
2022-11-07,-3406.51,22
2022-11-08,998.70,14
2022-11-09,-1895.07,15
2022-11-10,-600.37,22
2022-11-11,2345.04,13
2022-11-13,40.32,1
2022-11-14,762.40,23
2022-11-15,-855.52,24
2022-11-16,1588.41,16
2022-11-17,-2317.03,11
2022-11-18,-963.25,16
2022-11-20,545.81,2
2022-11-21,2031.82,13
2022-11-22,-61.11,11
2022-11-23,-1067.20,19
2022-11-24,-139.90,14
2022-11-25,2209.62,16
2022-11-27,388.69,1
2022-11-28,4675.34,12
2022-11-29,-780.70,16
2022-11-30,1052.41,10
2022-12-01,-358.42,14
2022-12-02,2854.18,19
2022-12-05,-1192.82,18
2022-12-06,-491.08,10
2022-12-07,357.55,12
2022-12-08,-1087.07,8
2022-12-09,-4092.45,18
2022-12-12,-839.91,15
2022-12-13,-512.35,10
2022-12-14,1693.90,9
2022-12-15,1920.44,14
2022-12-16,-1971.20,20
2022-12-19,-1166.00,17
2022-12-20,-1534.19,9
2022-12-21,864.69,16
2022-12-22,-1327.04,11
2022-12-23,-151.64,15
2022-12-25,-32.31,2
2022-12-26,-410.85,6
2022-12-27,406.93,4
2022-12-28,1671.12,10
2022-12-29,-391.15,11
2022-12-30,-727.95,20
2023-01-02,-81.08,4
2023-01-03,-19.12,16
2023-01-04,741.75,22
2023-01-05,344.38,12
2023-01-06,1504.24,11
2023-01-09,177.00,13
2023-01-10,765.58,10
2023-01-11,3668.75,15
2023-01-12,-939.70,7
2023-01-13,-2479.74,18
2023-01-14,-1459.92,2
2023-01-15,169.49,2
2023-01-16,-694.72,16
2023-01-17,1048.27,9
2023-01-18,996.32,21
2023-01-19,240.78,12
2023-01-20,-1630.20,15
2023-01-22,289.39,1
2023-01-23,-1391.37,9
2023-01-24,-260.81,13
2023-01-25,2402.01,13
2023-01-26,523.15,9
2023-01-27,22.07,5
2023-01-29,-1392.41,2
2023-01-30,-1479.11,15
2023-01-31,-311.24,15
2023-02-01,1951.43,13
2023-02-02,-30.47,13
2023-02-03,-924.88,19
2023-02-06,244.22,10
2023-02-07,1892.98,12
2023-02-08,-1146.72,18
2023-02-09,1517.25,13
2023-02-10,-4676.57,22
2023-02-11,105.81,1
2023-02-13,190.97,14
2023-02-14,3290.99,15
2023-02-15,624.70,13
2023-02-16,-44.27,6
2023-02-17,-519.92,18
2023-02-18,-148.71,2
2023-02-19,154.16,4
2023-02-20,-1558.11,18
2023-02-21,-2168.08,19
2023-02-22,-870.15,12
2023-02-23,-522.54,9
2023-02-24,3273.44,15
2023-02-25,789.35,4
2023-02-27,102.30,10
2023-02-28,-2019.12,23
2023-03-01,2415.79,16
2023-03-02,-647.05,12
2023-03-03,528.95,5
2023-03-05,177.14,1
2023-03-06,-952.37,9
2023-03-07,-1272.64,12
2023-03-08,1022.97,14
2023-03-09,-576.17,12
2023-03-10,97.48,9
2023-03-11,586.89,4
2023-03-13,602.90,14
2023-03-14,-645.93,6
2023-03-15,-2057.43,10
2023-03-16,-1427.39,15
2023-03-17,-1241.87,7
2023-03-18,-198.53,1
2023-03-20,-2165.13,16
2023-03-21,-93.46,15
2023-03-22,1357.60,18
2023-03-23,280.44,8
2023-03-24,2159.74,9
2023-03-26,229.62,1
2023-03-27,-416.46,6
2023-03-28,-1877.29,15
2023-03-29,1939.69,10
2023-03-30,1862.01,17
2023-03-31,-5929.69,21
2023-04-03,2337.47,11
2023-04-04,-838.17,14
2023-04-05,374.12,10
2023-04-06,-1502.38,13
2023-04-07,1643.94,8
2023-04-10,-4448.90,19
2023-04-11,30.57,10
2023-04-12,-1275.13,6
2023-04-13,333.60,6
2023-04-14,146.95,12
2023-04-15,169.87,3
2023-04-16,586.82,2
2023-04-17,215.92,14
2023-04-18,-1320.21,16
2023-04-19,-2229.58,9
2023-04-20,-1382.95,5
2023-04-21,253.20,6
2023-04-22,-160.75,3
2023-04-23,619.21,4
2023-04-24,1735.84,19
2023-04-25,2520.11,14
2023-04-26,-1363.88,12
2023-04-27,348.11,4
2023-04-28,83.07,14
2023-05-01,-2214.29,15
2023-05-02,-565.44,12
2023-05-03,-566.80,14
2023-05-04,-383.06,13
2023-05-05,5120.36,8
2023-05-06,-290.02,1
2023-05-07,399.01,1
2023-05-08,-441.09,14
2023-05-09,2688.24,13
2023-05-10,-2396.64,6
2023-05-11,-1640.26,18
2023-05-12,1205.92,7
2023-05-15,-310.33,10
2023-05-16,-130.36,11
2023-05-17,-1152.18,18
2023-05-18,4307.91,19
2023-05-19,240.15,7
2023-05-21,342.91,1
2023-05-22,-1070.03,11
2023-05-23,-596.34,17
2023-05-24,304.63,8
2023-05-25,-2931.81,13
2023-05-26,254.30,11
2023-05-29,-427.97,9
2023-05-30,841.34,12
2023-05-31,-714.80,14
2023-06-01,-2677.93,16
2023-06-02,261.61,5
2023-06-05,257.31,11
2023-06-06,-1596.66,13
2023-06-07,815.11,13
2023-06-08,2043.74,13
2023-06-09,-866.98,14
2023-06-10,-18.53,1
2023-06-11,177.33,1
2023-06-12,-1990.43,16
2023-06-13,-35.77,8
2023-06-14,1390.39,17
2023-06-15,930.39,9
2023-06-16,643.48,4
2023-06-19,-85.96,11
2023-06-20,-1088.86,12
2023-06-21,-226.99,12
2023-06-22,959.15,16
2023-06-23,-898.85,16
2023-06-24,62.25,3
2023-06-26,-517.80,16
2023-06-27,1251.57,11
2023-06-28,3603.05,14
2023-06-29,-437.18,16
2023-06-30,-1856.18,13
2023-07-01,453.79,1
2023-07-03,-1787.20,13
2023-07-04,245.30,3
2023-07-05,587.62,6
2023-07-06,-757.90,8
2023-07-07,-808.05,12
2023-07-08,11.95,2
2023-07-10,-2347.39,16
2023-07-11,1948.30,13
2023-07-12,-1958.55,10
2023-07-13,1252.92,9
2023-07-14,852.15,6
2023-07-15,182.70,2
2023-07-17,-1855.61,9
2023-07-18,-921.97,10
2023-07-19,570.39,7
2023-07-20,-2773.31,8
2023-07-21,813.63,19
2023-07-22,148.14,2
2023-07-24,-4146.79,16
2023-07-25,692.17,7
2023-07-26,485.60,8
2023-07-27,-3500.34,16
2023-07-28,-2325.09,14
2023-07-30,343.92,1
2023-07-31,-36.36,9
2023-08-01,720.74,10
2023-08-02,-877.32,10
2023-08-03,-210.79,14
2023-08-04,-1259.26,11
2023-08-06,-97.87,1
2023-08-07,-424.22,7
2023-08-08,-1558.81,12
2023-08-09,-124.82,10
2023-08-10,3425.77,14
2023-08-11,-556.47,4
2023-08-13,273.17,1
2023-08-14,-1597.95,16
2023-08-15,-590.56,12
2023-08-16,-891.89,15
2023-08-17,532.48,6
2023-08-18,576.10,4
2023-08-21,1140.00,9
2023-08-22,-856.33,12
2023-08-23,1191.69,9
2023-08-24,2960.19,7
2023-08-25,-1586.31,12
2023-08-28,-1936.54,20
2023-08-29,-859.32,6
2023-08-30,-542.48,9
2023-08-31,153.30,7
2023-09-01,943.57,14
2023-09-03,876.05,2
2023-09-04,897.59,16
2023-09-05,-2348.28,16
2023-09-06,598.08,12
2023-09-07,2600.42,9
2023-09-08,1574.98,12
2023-09-10,1537.26,2
2023-09-11,57.95,8
2023-09-12,-390.80,9
2023-09-13,-659.73,3
2023-09-14,1838.31,13
2023-09-15,229.20,11
2023-09-17,-168.82,1
2023-09-18,-402.98,13
2023-09-19,2645.56,17
2023-09-20,-1454.21,12
2023-09-21,2205.69,11
2023-09-22,-214.17,15
2023-09-23,178.99,1
2023-09-24,1909.56,2
2023-09-25,-723.63,13
2023-09-26,1023.30,9
2023-09-27,-378.29,2
2023-09-28,-152.72,3
2023-09-29,-1871.79,16
2023-10-02,-497.37,6
2023-10-03,-778.93,8
2023-10-04,-540.40,10
2023-10-05,-478.72,22
2023-10-06,-6106.50,20
2023-10-07,180.61,2
2023-10-09,-431.60,10
2023-10-10,-3158.96,12
2023-10-11,-487.80,14
2023-10-12,3125.78,12
2023-10-13,-493.91,15
2023-10-15,133.91,1
2023-10-16,-1140.92,7
2023-10-17,-1153.25,12
2023-10-18,750.13,5
2023-10-19,-50.76,11
2023-10-20,-637.35,10
2023-10-22,450.23,3
2023-10-23,570.69,19
2023-10-24,444.19,6
2023-10-25,1359.93,23
2023-10-26,-1938.93,13
2023-10-27,481.42,8
2023-10-30,-197.06,9
2023-10-31,1451.34,18
2023-11-01,-777.59,14
2023-11-02,-100.26,12
2023-11-03,337.61,11
2023-11-04,77.81,1
2023-11-05,572.33,1
2023-11-06,977.02,11
2023-11-07,745.37,6
2023-11-08,-1572.03,9
2023-11-09,-515.94,4
2023-11-10,-627.36,16
2023-11-11,3.93,1
2023-11-12,-370.46,2
2023-11-13,-565.42,15
2023-11-14,776.74,14
2023-11-15,2793.00,16
2023-11-16,-2038.11,14
2023-11-17,-1061.02,18
2023-11-18,150.40,1
2023-11-20,3971.14,15
2023-11-21,1187.65,9
2023-11-22,-1788.31,14
2023-11-23,2080.40,8
2023-11-24,-51.97,13
2023-11-25,-141.74,1
2023-11-26,-1732.83,1
2023-11-27,995.56,11
2023-11-28,-950.68,13
2023-11-29,-285.77,16
2023-11-30,1457.57,18
2023-12-01,-3261.41,18
2023-12-02,124.86,1
2023-12-04,-814.15,17
2023-12-05,-1158.66,14
2023-12-06,-2369.26,14
2023-12-07,-501.92,16
2023-12-08,-1813.23,16
2023-12-09,27.54,1
2023-12-10,436.72,3
2023-12-11,658.22,11
2023-12-12,-554.75,19
2023-12-13,667.59,11
2023-12-14,482.12,11
2023-12-15,-817.23,12
2023-12-18,1233.38,13
2023-12-19,-428.48,12
2023-12-20,-187.58,13
2023-12-21,-1560.26,11
2023-12-22,2158.91,11
2023-12-25,0.00,1
2023-12-26,-302.34,16
2023-12-27,-395.46,14
2023-12-28,2386.08,17
2023-12-29,-678.64,16
2023-12-30,-578.93,4
2023-12-31,120.14,1
